Family,URL,IP,FirstSeen
Pony,http://officeman.tk/images/admin.php,207.180.230.128,03-01-2026
Pony,http://learn.cloudience.com/ojekwaeng/yugo/admin.php,192.145.234.108,14-02-2026
Pony,http://vman23.com/ba24/admin.php,95.213.204.53,27-03-2026
Pony,http://vman23.com/ba23/admin.php,95.213.204.53,05-04-2026
Pony,http://vman23.com/ba22/admin.php,95.213.204.53,19-05-2026
Pony,http://vman23.com/ba21/admin.php,95.213.204.53,08-06-2026
Pony,http://vman23.com/ba20/admin.php,95.213.204.53,21-07-2026
Pony,http://vman23.com/smt/admin.php,95.213.204.53,11-08-2026
Pony,http://lojalstil.mk/img/dataimage/admin.php,88.99.251.203,29-09-2026
Lokibot,http://unimasa.icu/dapper/five/PvqDq929BSx_A_D_M1n_a.php,5.253.62.205,17-10-2026